sequence_length,split,method,source_file,source_sha256,candidate_window_positions,contiguous_windows,nonconsecutive_windows_skipped,ambiguous_windows_excluded,binary_windows,positive_windows,negative_windows,positive_prevalence,score_threshold,distance_threshold,roc_auc,pr_auc,average_precision,precision,recall,specificity,f1,accuracy,balanced_accuracy,matthews_correlation_coefficient
1,calibration,legacy_exact,results/pilot/kitti05_resnet/scores/calibration_scores.csv,49cc1a9eac8eac367cb2f4978814c68c8fbe69757b2a809f4e3f09a79be45f78,78624,78624,0,3572,75052,3985,71067,0.053096519746309224,-2.7038474082946777,2.7038474082946777,0.7901262612927569,0.4191422857013716,0.4191805894848989,0.5394223263075723,0.34680050188205774,0.9833959503004207,0.42217809683824653,0.9495949475030645,0.6650982260912393,0.40774809835069126
1,calibration,corrected_l2,results/pilot/kitti05_resnet/scores/calibration_scores.csv,49cc1a9eac8eac367cb2f4978814c68c8fbe69757b2a809f4e3f09a79be45f78,78624,78624,0,3572,75052,3985,71067,0.053096519746309224,-21.821827426452618,21.821827426452618,0.7853238145444561,0.5439486425340565,0.543971167269793,0.7307200681721346,0.43036386449184444,0.9911069835507338,0.5416929879974731,0.9613334754570164,0.7107354240212891,0.5429714706760633
1,test,legacy_exact,results/pilot/kitti05_resnet/scores/test_scores.csv,710304721dcd9479d7e60eb894d78bed3802b4c7ba8e824346a7ed1ab8ebda8c,14170,14170,0,1186,12984,1269,11715,0.09773567467652496,-2.7038474082946777,2.7038474082946777,0.730510243446014,0.4588570530683186,0.45897141665253427,0.6431924882629108,0.32387706855791965,0.9805377720870678,0.4308176100628931,0.916358595194085,0.6522074203224937,0.417899452700309
1,test,corrected_l2,results/pilot/kitti05_resnet/scores/test_scores.csv,710304721dcd9479d7e60eb894d78bed3802b4c7ba8e824346a7ed1ab8ebda8c,14170,14170,0,1186,12984,1269,11715,0.09773567467652496,-21.821827426452618,21.821827426452618,0.824498102592199,0.5938392561559989,0.5939180403879499,0.9104477611940298,0.33648542159180456,0.9964148527528809,0.49136939010356734,0.9319162045594578,0.6664501371723427,0.5298028159051474
1,stress,legacy_exact,results/pilot/kitti05_resnet/scores/stress_scores.csv,7c3fdc04d8753071ea3b9e0688d5673680649a996ef7d414080b1d7c672ba22d,9636,9636,0,1226,8410,1296,7114,0.15410225921521997,-2.7038474082946777,2.7038474082946777,0.592618677915569,0.35671051604374016,0.35688720623859116,0.5895691609977324,0.2006172839506173,0.9745572111329772,0.2993667242371906,0.8552913198573128,0.5875872475417973,0.28373250831373864
1,stress,corrected_l2,results/pilot/kitti05_resnet/scores/stress_scores.csv,7c3fdc04d8753071ea3b9e0688d5673680649a996ef7d414080b1d7c672ba22d,9636,9636,0,1226,8410,1296,7114,0.15410225921521997,-21.821827426452618,21.821827426452618,0.6081827217762229,0.3930666290459357,0.39321379481478214,0.6839622641509434,0.22376543209876543,0.9811639021647456,0.3372093023255814,0.8644470868014269,0.6024646671317555,0.33815512911975515
2,calibration,legacy_exact,results/pilot/kitti05_resnet/scores/calibration_scores.csv,49cc1a9eac8eac367cb2f4978814c68c8fbe69757b2a809f4e3f09a79be45f78,78351,78351,0,4055,74296,3712,70584,0.049962312910520085,-3.0224552154541016,3.0224552154541016,0.7926815238269541,0.4058599017540031,0.4059252459314966,0.48740127867619404,0.34913793103448276,0.9806896747138162,0.4068435096531157,0.9491358888769247,0.6649138028741495,0.3868265329582174
2,calibration,corrected_l2,results/pilot/kitti05_resnet/scores/calibration_scores.csv,49cc1a9eac8eac367cb2f4978814c68c8fbe69757b2a809f4e3f09a79be45f78,78351,78351,0,4055,74296,3712,70584,0.049962312910520085,-22.697730197241732,22.697730197241732,0.7818371122741502,0.5369491412875788,0.5369837361230825,0.7253553415864282,0.4261853448275862,0.9915136574861159,0.5369081961649415,0.963268547431894,0.708849501156851,0.5391131411612062
2,test,legacy_exact,results/pilot/kitti05_resnet/scores/test_scores.csv,710304721dcd9479d7e60eb894d78bed3802b4c7ba8e824346a7ed1ab8ebda8c,14061,14061,0,1375,12686,1160,11526,0.09143938199590099,-3.0224552154541016,3.0224552154541016,0.7219319738881209,0.43625164419429047,0.4364448318894423,0.5563093622795116,0.35344827586206895,0.9716293597084852,0.43226146547179756,0.9151032634400126,0.6625388177852771,0.40054920124370824
2,test,corrected_l2,results/pilot/kitti05_resnet/scores/test_scores.csv,710304721dcd9479d7e60eb894d78bed3802b4c7ba8e824346a7ed1ab8ebda8c,14061,14061,0,1375,12686,1160,11526,0.09143938199590099,-22.697730197241732,22.697730197241732,0.8247840713948076,0.5868999414346154,0.5870190652209294,0.9129411764705883,0.33448275862068966,0.9967898663890334,0.489589905362776,0.9362289137632035,0.6656363125048615,0.5306356695372834
2,stress,legacy_exact,results/pilot/kitti05_resnet/scores/stress_scores.csv,7c3fdc04d8753071ea3b9e0688d5673680649a996ef7d414080b1d7c672ba22d,9570,9504,66,1330,8174,1221,6953,0.14937607046733545,-3.0224552154541016,3.0224552154541016,0.5911633427813494,0.34870118320029964,0.34899899814068985,0.555327868852459,0.22194922194922195,0.9687904501653962,0.3171445289643066,0.8572302422314656,0.5953698360573091,0.28696232166608393
2,stress,corrected_l2,results/pilot/kitti05_resnet/scores/stress_scores.csv,7c3fdc04d8753071ea3b9e0688d5673680649a996ef7d414080b1d7c672ba22d,9570,9504,66,1330,8174,1221,6953,0.14937607046733545,-22.697730197241732,22.697730197241732,0.6051160400362183,0.38545189027335836,0.38568177336448595,0.6879795396419437,0.2203112203112203,0.982453617143679,0.3337468982630273,0.8686077807682897,0.6013824187274497,0.3386684160590499
3,calibration,legacy_exact,results/pilot/kitti05_resnet/scores/calibration_scores.csv,49cc1a9eac8eac367cb2f4978814c68c8fbe69757b2a809f4e3f09a79be45f78,78078,78078,0,4537,73541,3439,70102,0.04676303014644892,-3.2061469554901123,3.2061469554901123,0.7949105838707722,0.3894335385901753,0.38953460419311753,0.47639653815892996,0.35213724920034895,0.981013380502696,0.4049490051830798,0.9516052270162222,0.6665753148515225,0.38504194423994825
3,calibration,corrected_l2,results/pilot/kitti05_resnet/scores/calibration_scores.csv,49cc1a9eac8eac367cb2f4978814c68c8fbe69757b2a809f4e3f09a79be45f78,78078,78078,0,4537,73541,3439,70102,0.04676303014644892,-23.165499370491236,23.165499370491236,0.7759958282530512,0.5220403354433191,0.5220890650605644,0.7262455059065228,0.4111660366385577,0.99239679324413,0.5250649832900112,0.9652166818509403,0.7017814149413438,0.5307269745079464
3,test,legacy_exact,results/pilot/kitti05_resnet/scores/test_scores.csv,710304721dcd9479d7e60eb894d78bed3802b4c7ba8e824346a7ed1ab8ebda8c,13952,13952,0,1563,12389,1051,11338,0.08483331988053919,-3.2061469554901123,3.2061469554901123,0.714013684520232,0.41400264389807767,0.4142912460281537,0.5174825174825175,0.3520456707897241,0.9695713529723056,0.4190260475651189,0.9171845992412624,0.6608085118810149,0.384278199882001
3,test,corrected_l2,results/pilot/kitti05_resnet/scores/test_scores.csv,710304721dcd9479d7e60eb894d78bed3802b4c7ba8e824346a7ed1ab8ebda8c,13952,13952,0,1563,12389,1051,11338,0.08483331988053919,-23.165499370491236,23.165499370491236,0.8232938952713096,0.5766041104570764,0.5767658579020561,0.9010695187165776,0.3206470028544244,0.9967366378550009,0.47298245614035095,0.93938170958108,0.6586918203547126,0.5168403754532931
3,stress,legacy_exact,results/pilot/kitti05_resnet/scores/stress_scores.csv,7c3fdc04d8753071ea3b9e0688d5673680649a996ef7d414080b1d7c672ba22d,9504,9372,132,1433,7939,1146,6793,0.14435067388839903,-3.2061469554901123,3.2061469554901123,0.5866133883329749,0.3405304194031795,0.34095096931530766,0.5491803278688525,0.2338568935427574,0.9676137200058884,0.32802937576499386,0.8616954276357224,0.6007353067743229,0.29479331607460313
3,stress,corrected_l2,results/pilot/kitti05_resnet/scores/stress_scores.csv,7c3fdc04d8753071ea3b9e0688d5673680649a996ef7d414080b1d7c672ba22d,9504,9372,132,1433,7939,1146,6793,0.14435067388839903,-23.165499370491236,23.165499370491236,0.5987243309956943,0.3788595598785378,0.37914109941907276,0.7038123167155426,0.2094240837696335,0.9851317532754306,0.3227975790181574,0.8731578284418693,0.5972779185225321,0.33724113867427735
5,calibration,legacy_exact,results/pilot/kitti05_resnet/scores/calibration_scores.csv,49cc1a9eac8eac367cb2f4978814c68c8fbe69757b2a809f4e3f09a79be45f78,77532,77532,0,5498,72034,2893,69141,0.040161590360107725,-3.4387362003326416,3.4387362003326416,0.7959137220072181,0.35351125525830124,0.35369193225244,0.47435271128480705,0.3356377462841341,0.984437598530539,0.3931174089068826,0.9583807646389205,0.6600376724073366,0.37820446947979947
5,calibration,corrected_l2,results/pilot/kitti05_resnet/scores/calibration_scores.csv,49cc1a9eac8eac367cb2f4978814c68c8fbe69757b2a809f4e3f09a79be45f78,77532,77532,0,5498,72034,2893,69141,0.040161590360107725,-24.49470554301247,24.49470554301247,0.7589405325725601,0.48156390336797306,0.4816442611235066,0.6305177111716621,0.399930867611476,0.9901939514904325,0.48942470389170895,0.966488047310992,0.6950624095509543,0.48614086378453475
5,test,legacy_exact,results/pilot/kitti05_resnet/scores/test_scores.csv,710304721dcd9479d7e60eb894d78bed3802b4c7ba8e824346a7ed1ab8ebda8c,13734,13734,0,1934,11800,834,10966,0.07067796610169491,-3.4387362003326416,3.4387362003326416,0.6968620252439303,0.36402141733053245,0.3645371680503849,0.432475884244373,0.3225419664268585,0.9678095932883458,0.3695054945054945,0.9222033898305084,0.6451757798576021,0.3330075380548607
5,test,corrected_l2,results/pilot/kitti05_resnet/scores/test_scores.csv,710304721dcd9479d7e60eb894d78bed3802b4c7ba8e824346a7ed1ab8ebda8c,13734,13734,0,1934,11800,834,10966,0.07067796610169491,-24.49470554301247,24.49470554301247,0.8165904992584448,0.5304564361891423,0.5307532636965119,0.8305647840531561,0.2997601918465228,0.9953492613532737,0.4405286343612335,0.9461864406779661,0.6475547265998982,0.4797080238058667
5,stress,legacy_exact,results/pilot/kitti05_resnet/scores/stress_scores.csv,7c3fdc04d8753071ea3b9e0688d5673680649a996ef7d414080b1d7c672ba22d,9372,9108,264,1635,7473,998,6475,0.13354743744145592,-3.4387362003326416,3.4387362003326416,0.5738013478694841,0.32560447364002115,0.32626339969502516,0.5691906005221932,0.218436873747495,0.9745173745173745,0.3157132512671977,0.8735447611401044,0.5964771241324347,0.2976576147782695
5,stress,corrected_l2,results/pilot/kitti05_resnet/scores/stress_scores.csv,7c3fdc04d8753071ea3b9e0688d5673680649a996ef7d414080b1d7c672ba22d,9372,9108,264,1635,7473,998,6475,0.13354743744145592,-24.49470554301247,24.49470554301247,0.5798404531069862,0.35547946970833777,0.35588219159645584,0.6866666666666666,0.20641282565130262,0.9854826254826254,0.3174114021571649,0.8814398501271243,0.5959477255669641,0.3325360962733163
